log_id,txn_id,action_taken,outcome,timestamp
c8ece1cc-4fee-42bf-8ef2-69598bfc6f90,7ec17add-4c3f-4ec6-bc0c-661559170b44,silent_retry,Retry Scheduled via Redpanda,2026-08-23 12:38:38
2b157b2b-3fd5-4cfa-b9a6-473c520f3282,b1efc3d7-fc6e-48ee-b353-33ecc80f1761,silent_retry,Retry Scheduled via Redpanda,2026-08-23 12:38:39
6a106bf8-ed02-4ec2-adeb-54bea8a61c6c,26898a79-710e-4da1-be86-acde4d1e1e16,silent_retry,Retry Scheduled via Redpanda,2026-08-23 12:38:40
01d327d2-8733-4c44-b71a-db9a201cf79a,0a6cb6c9-ab72-42b3-a69b-2cd2ff7ed043,silent_retry,Retry Scheduled via Redpanda,2026-08-23 12:38:41
4d43abd6-6d5c-40aa-890b-c32930434a2c,343a1f5a-d504-41b9-a3db-58b79f7ee704,silent_retry,Retry Scheduled via Redpanda,2026-08-23 12:38:43
d06743b3-b0dd-4ca5-a65c-2fff99915be3,7ec17add-4c3f-4ec6-bc0c-661559170b44,silent_retry,Retry Scheduled via Redpanda,2026-08-23 12:38:46
70b4d4f8-3b47-461e-a5e2-a8e114f381e7,b1efc3d7-fc6e-48ee-b353-33ecc80f1761,silent_retry,Retry Scheduled via Redpanda,2026-08-23 12:38:47
6ffd1fff-de2d-437e-a8ee-74cba0e7c27d,26898a79-710e-4da1-be86-acde4d1e1e16,silent_retry,Retry Scheduled via Redpanda,2026-08-23 12:38:49
310699df-bcee-4e9a-b574-639117d04246,0a6cb6c9-ab72-42b3-a69b-2cd2ff7ed043,silent_retry,Retry Scheduled via Redpanda,2026-08-23 12:38:50
8964edfb-8a04-4c6d-9222-e98cc38f6395,343a1f5a-d504-41b9-a3db-58b79f7ee704,silent_retry,Retry Scheduled via Redpanda,2026-08-23 12:38:51
ca6f8fa5-b43d-4d3f-a7ff-93e23ea81fc4,7ec17add-4c3f-4ec6-bc0c-661559170b44,silent_retry,Retry Scheduled via Redpanda,2026-08-23 12:38:55
